{
    "第一单节": {"start": "08:00", "end": "08:45"},
    "第二双节第1小节": {"start": "09:00", "end": "09:45"},
    "第二双节第2小节": {"start": "09:46", "end": "10:30"},
    "第三双节第1小节": {"start": "10:45", "end": "11:30"},
    "第三双节第2小节": {"start": "11:31", "end": "12:15"},
    "第四双节第1小节": {"start": "14:00", "end": "14:45"},
    "第五双节第2小节": {"start": "14:46", "end": "15:30"},
    "第五双节第1单节": {"start": "15:45", "end": "16:30"},
    "第五双节第2单节": {"start": "16:31", "end": "17:15"},
    "第六双节第1单节": {"start": "18:00", "end": "18:45"},
    "第六双节第2单节": {"start": "18:46", "end": "19:30"},
    "第七双节第1单节": {"start": "19:45", "end": "20:30"},
    "第七双节第2单节": {"start": "20:31", "end": "21:15"}
}
